
INSERT INTO "ROLE" (ID, CREATE_TIME, V_STATUS, UPDATE_TIME, VERSION_NO, CODE, DESCRIPTION, NAME) VALUES(1, '2023-11-29 14:23:52.856', 0, '2023-11-29 14:23:52.921', 1, 'admin', '超级管理员', '超级管理员');
INSERT INTO "ROLE" (ID, CREATE_TIME, V_STATUS, UPDATE_TIME, VERSION_NO, CODE, DESCRIPTION, NAME) VALUES(2, '2023-11-29 14:23:52.974', 0, '2023-11-29 14:23:52.982', 1, 'anonymously', '匿名用户', '匿名用户');

INSERT INTO LABEL (ID, CREATE_TIME, V_STATUS, UPDATE_TIME, VERSION_NO, CODE, NAME, "TYPE") VALUES(1, '2023-11-29 12:54:15.000', 0, '2023-11-29 12:54:15.000', 0, 'Movie', '电影', 'Category');
INSERT INTO LABEL (ID, CREATE_TIME, V_STATUS, UPDATE_TIME, VERSION_NO, CODE, NAME, "TYPE") VALUES(2, '2023-11-29 12:54:15.000', 0, '2023-11-29 12:54:15.000', 0, 'TV_Series', '电视剧', 'Category');
INSERT INTO LABEL (ID, CREATE_TIME, V_STATUS, UPDATE_TIME, VERSION_NO, CODE, NAME, "TYPE") VALUES(3, '2023-11-29 12:54:15.000', 0, '2023-11-29 12:54:15.000', 0, 'Comic', '动漫', 'Category');
INSERT INTO LABEL (ID, CREATE_TIME, V_STATUS, UPDATE_TIME, VERSION_NO, CODE, NAME, "TYPE") VALUES(4, '2023-11-29 12:54:15.000', 0, '2023-11-29 12:54:15.000', 0, 'Ebook', '电子书', 'Category');
INSERT INTO LABEL (ID, CREATE_TIME, V_STATUS, UPDATE_TIME, VERSION_NO, CODE, NAME, "TYPE") VALUES(5, '2023-11-29 12:54:15.000', 0, '2023-11-29 12:54:15.000', 0, 'Ancient_Costume', '古装', 'Tag');
INSERT INTO LABEL (ID, CREATE_TIME, V_STATUS, UPDATE_TIME, VERSION_NO, CODE, NAME, "TYPE") VALUES(6, '2023-11-29 12:54:15.000', 0, '2023-11-29 12:54:15.000', 0, 'History', '历史', 'Tag');
INSERT INTO LABEL (ID, CREATE_TIME, V_STATUS, UPDATE_TIME, VERSION_NO, CODE, NAME, "TYPE") VALUES(7, '2023-11-29 12:54:15.000', 0, '2023-11-29 12:54:15.000', 0, 'Documentary', '纪录片', 'Category');
INSERT INTO LABEL (ID, CREATE_TIME, V_STATUS, UPDATE_TIME, VERSION_NO, CODE, NAME, "TYPE") VALUES(8, '2023-11-29 12:54:15.000', 0, '2023-11-29 12:54:15.000', 0, 'Love', '爱情', 'Tag');
INSERT INTO LABEL (ID, CREATE_TIME, V_STATUS, UPDATE_TIME, VERSION_NO, CODE, NAME, "TYPE") VALUES(9, '2023-11-29 12:54:15.000', 0, '2023-11-29 12:54:15.000', 0, 'Programming', '编程', 'Tag');

INSERT INTO DOMAIN_RECORD (ID, CREATE_TIME, V_STATUS, UPDATE_TIME, VERSION_NO, DOMAIN_NAME, RECORD_ID, REMARK, RR, TTL, "TYPE", V_VALUE) VALUES(1, '2023-11-29 14:23:53.070', 0, '2023-11-29 14:23:53.070', 0, 'xiezc.top', '862963533145093120', 'ubuntu pi', '@', 600, 'AAAA', '2408:820c:8f1b:9f80:c7d3:b6c3:eb8a:fb4c');

INSERT INTO CODE (ID, CREATE_TIME, V_STATUS, UPDATE_TIME, VERSION_NO, CODE, NAME, PARENT_ID, V_VALUE) VALUES(1, '2023-11-29 14:23:53.056', 0, '2023-11-29 14:23:53.056', 0, 'Announce_Url', 'announceUrl', 0, '["http://192.168.1.5:8016/announce"]');
INSERT INTO CODE (ID, CREATE_TIME, V_STATUS, UPDATE_TIME, VERSION_NO, CODE, NAME, PARENT_ID, V_VALUE) VALUES(2, '2023-11-29 14:23:53.061', 0, '2023-11-29 14:23:53.061', 0, 'File_Allow_Suffix', '允许上传的资源文件后缀', 0, '["jpg","png","jpeg"]');
INSERT INTO CODE (ID, CREATE_TIME, V_STATUS, UPDATE_TIME, VERSION_NO, CODE, NAME, PARENT_ID, V_VALUE) VALUES(3, '2023-11-29 14:23:53.062', 0, '2023-11-29 14:23:53.062', 0, 'InviteMailTemplateCode', '发送邀请函的文本模板', 0, '{"subject": "VXPH邀请函，邀请你注册", "content": "邀请人：{name} \n  邀请码：{code}"} ');
INSERT INTO CODE (ID, CREATE_TIME, V_STATUS, UPDATE_TIME, VERSION_NO, CODE, NAME, PARENT_ID, V_VALUE) VALUES (4, '2023-11-29 14:23:53.062000', 0, '2023-11-29 14:23:53.062000', 0, 'POST_TYPE', '帖子类型', 0, '["电影","电视剧","动漫","小说","音乐","电子书","戏剧","纪录片","编程"]');

INSERT INTO V_USER (ID, CREATE_TIME, V_STATUS, UPDATE_TIME, VERSION_NO, "email", "name", "password", "sex", "role") VALUES(1, '2023-11-29 14:23:53.011', 0, '2023-11-29 14:23:53.011', 0, 'admin@vxph.com', 'admin', '123456', 1, 1);

INSERT INTO ACCOUNT (ID, CREATE_TIME, V_STATUS, UPDATE_TIME, VERSION_NO, DOWNLOAD, DOWNLOAD_REAL, INVITE_COUNT, "LEVEL", SCORE, UPLOAD, UPLOAD_REAL, USER_ID) VALUES(1, '2023-11-29 14:23:53.044', 0, '2023-11-29 14:23:53.044', 0, 0, 0, 0, '1', 0, 0, 0, 1);

INSERT INTO PERMISSION (CODE, CREATE_TIME, V_STATUS, UPDATE_TIME, VERSION_NO, DESCRIPTION, NAME, "TYPE") VALUES('POST /api/user/login', '2023-11-29 14:23:52.544', 0, '2023-11-29 14:23:52.544', 0, '', 'POST /api/user/login', 'Path');
INSERT INTO PERMISSION (CODE, CREATE_TIME, V_STATUS, UPDATE_TIME, VERSION_NO, DESCRIPTION, NAME, "TYPE") VALUES('GET /api/invite/send', '2023-11-29 14:23:52.623', 0, '2023-11-29 14:23:52.623', 0, '', 'GET /api/invite/send', 'Path');
INSERT INTO PERMISSION (CODE, CREATE_TIME, V_STATUS, UPDATE_TIME, VERSION_NO, DESCRIPTION, NAME, "TYPE") VALUES('POST /api/ddns/addRecord', '2023-11-29 14:23:52.631', 0, '2023-11-29 14:23:52.631', 0, '', 'POST /api/ddns/addRecord', 'Path');
INSERT INTO PERMISSION (CODE, CREATE_TIME, V_STATUS, UPDATE_TIME, VERSION_NO, DESCRIPTION, NAME, "TYPE") VALUES('GET /api/user/info', '2023-11-29 14:23:52.638', 0, '2023-11-29 14:23:52.638', 0, '', 'GET /api/user/info', 'Path');
INSERT INTO PERMISSION (CODE, CREATE_TIME, V_STATUS, UPDATE_TIME, VERSION_NO, DESCRIPTION, NAME, "TYPE") VALUES('GET /api/ddns/deleteRecord', '2023-11-29 14:23:52.647', 0, '2023-11-29 14:23:52.647', 0, '', 'GET /api/ddns/deleteRecord', 'Path');
INSERT INTO PERMISSION (CODE, CREATE_TIME, V_STATUS, UPDATE_TIME, VERSION_NO, DESCRIPTION, NAME, "TYPE") VALUES('GET /api/post/publish', '2023-11-29 14:23:52.655', 0, '2023-11-29 14:23:52.655', 0, '', 'GET /api/post/publish', 'Path');
INSERT INTO PERMISSION (CODE, CREATE_TIME, V_STATUS, UPDATE_TIME, VERSION_NO, DESCRIPTION, NAME, "TYPE") VALUES('GET /api/resource/{hash}.{suffix}', '2023-11-29 14:23:52.664', 0, '2023-11-29 14:23:52.664', 0, '', 'GET /api/resource/{hash}.{suffix}', 'Path');
INSERT INTO PERMISSION (CODE, CREATE_TIME, V_STATUS, UPDATE_TIME, VERSION_NO, DESCRIPTION, NAME, "TYPE") VALUES('GET /api/ddns/ips', '2023-11-29 14:23:52.674', 0, '2023-11-29 14:23:52.674', 0, '', 'GET /api/ddns/ips', 'Path');
INSERT INTO PERMISSION (CODE, CREATE_TIME, V_STATUS, UPDATE_TIME, VERSION_NO, DESCRIPTION, NAME, "TYPE") VALUES('POST /api/ddns/updateRecord', '2023-11-29 14:23:52.682', 0, '2023-11-29 14:23:52.682', 0, '', 'POST /api/ddns/updateRecord', 'Path');
INSERT INTO PERMISSION (CODE, CREATE_TIME, V_STATUS, UPDATE_TIME, VERSION_NO, DESCRIPTION, NAME, "TYPE") VALUES('POST /api/torrent/query', '2023-11-29 14:23:52.690', 0, '2023-11-29 14:23:52.690', 0, '', 'POST /api/torrent/query', 'Path');
INSERT INTO PERMISSION (CODE, CREATE_TIME, V_STATUS, UPDATE_TIME, VERSION_NO, DESCRIPTION, NAME, "TYPE") VALUES('GET /scrape', '2023-11-29 14:23:52.696', 0, '2023-11-29 14:23:52.696', 0, '', 'GET /scrape', 'Path');
INSERT INTO PERMISSION (CODE, CREATE_TIME, V_STATUS, UPDATE_TIME, VERSION_NO, DESCRIPTION, NAME, "TYPE") VALUES('GET /api/user/logout', '2023-11-29 14:23:52.704', 0, '2023-11-29 14:23:52.704', 0, '', 'GET /api/user/logout', 'Path');
INSERT INTO PERMISSION (CODE, CREATE_TIME, V_STATUS, UPDATE_TIME, VERSION_NO, DESCRIPTION, NAME, "TYPE") VALUES('GET /api/ddns/findRecords', '2023-11-29 14:23:52.712', 0, '2023-11-29 14:23:52.712', 0, '', 'GET /api/ddns/findRecords', 'Path');
INSERT INTO PERMISSION (CODE, CREATE_TIME, V_STATUS, UPDATE_TIME, VERSION_NO, DESCRIPTION, NAME, "TYPE") VALUES('GET /api/torrent/download', '2023-11-29 14:23:52.719', 0, '2023-11-29 14:23:52.719', 0, '', 'GET /api/torrent/download', 'Path');
INSERT INTO PERMISSION (CODE, CREATE_TIME, V_STATUS, UPDATE_TIME, VERSION_NO, DESCRIPTION, NAME, "TYPE") VALUES('POST /api/permission/query', '2023-11-29 14:23:52.728', 0, '2023-11-29 14:23:52.728', 0, '', 'POST /api/permission/query', 'Path');
INSERT INTO PERMISSION (CODE, CREATE_TIME, V_STATUS, UPDATE_TIME, VERSION_NO, DESCRIPTION, NAME, "TYPE") VALUES('GET /api/role/list', '2023-11-29 14:23:52.737', 0, '2023-11-29 14:23:52.737', 0, '', 'GET /api/role/list', 'Path');
INSERT INTO PERMISSION (CODE, CREATE_TIME, V_STATUS, UPDATE_TIME, VERSION_NO, DESCRIPTION, NAME, "TYPE") VALUES('GET /announce', '2023-11-29 14:23:52.744', 0, '2023-11-29 14:23:52.744', 0, '', 'GET /announce', 'Path');
INSERT INTO PERMISSION (CODE, CREATE_TIME, V_STATUS, UPDATE_TIME, VERSION_NO, DESCRIPTION, NAME, "TYPE") VALUES('GET /api/label/list', '2023-11-29 14:23:52.751', 0, '2023-11-29 14:23:52.751', 0, '', 'GET /api/label/list', 'Path');
INSERT INTO PERMISSION (CODE, CREATE_TIME, V_STATUS, UPDATE_TIME, VERSION_NO, DESCRIPTION, NAME, "TYPE") VALUES('GET /api/ddns/findAliyunRecord', '2023-11-29 14:23:52.758', 0, '2023-11-29 14:23:52.758', 0, '', 'GET /api/ddns/findAliyunRecord', 'Path');
INSERT INTO PERMISSION (CODE, CREATE_TIME, V_STATUS, UPDATE_TIME, VERSION_NO, DESCRIPTION, NAME, "TYPE") VALUES('POST /api/resource/upload', '2023-11-29 14:23:52.765', 0, '2023-11-29 14:23:52.765', 0, '', 'POST /api/resource/upload', 'Path');
INSERT INTO PERMISSION (CODE, CREATE_TIME, V_STATUS, UPDATE_TIME, VERSION_NO, DESCRIPTION, NAME, "TYPE") VALUES('GET /api/role/delete', '2023-11-29 14:23:52.772', 0, '2023-11-29 14:23:52.772', 0, '', 'GET /api/role/delete', 'Path');
INSERT INTO PERMISSION (CODE, CREATE_TIME, V_STATUS, UPDATE_TIME, VERSION_NO, DESCRIPTION, NAME, "TYPE") VALUES('POST /api/post/save', '2023-11-29 14:23:52.778', 0, '2023-11-29 14:23:52.778', 0, '', 'POST /api/post/save', 'Path');
INSERT INTO PERMISSION (CODE, CREATE_TIME, V_STATUS, UPDATE_TIME, VERSION_NO, DESCRIPTION, NAME, "TYPE") VALUES('POST /api/torrent/upload', '2023-11-29 14:23:52.784', 0, '2023-11-29 14:23:52.784', 0, '', 'POST /api/torrent/upload', 'Path');
INSERT INTO PERMISSION (CODE, CREATE_TIME, V_STATUS, UPDATE_TIME, VERSION_NO, DESCRIPTION, NAME, "TYPE") VALUES('POST /api/post/query', '2023-11-29 14:23:52.790', 0, '2023-11-29 14:23:52.790', 0, '', 'POST /api/post/query', 'Path');
INSERT INTO PERMISSION (CODE, CREATE_TIME, V_STATUS, UPDATE_TIME, VERSION_NO, DESCRIPTION, NAME, "TYPE") VALUES('POST /api/user/register', '2023-11-29 14:23:52.797', 0, '2023-11-29 14:23:52.797', 0, '', 'POST /api/user/register', 'Path');
INSERT INTO PERMISSION (CODE, CREATE_TIME, V_STATUS, UPDATE_TIME, VERSION_NO, DESCRIPTION, NAME, "TYPE") VALUES('GET /api/resource/delete', '2023-11-29 14:23:52.802', 0, '2023-11-29 14:23:52.802', 0, '', 'GET /api/resource/delete', 'Path');
INSERT INTO PERMISSION (CODE, CREATE_TIME, V_STATUS, UPDATE_TIME, VERSION_NO, DESCRIPTION, NAME, "TYPE") VALUES('POST /api/role/save', '2023-11-29 14:23:52.808', 0, '2023-11-29 14:23:52.808', 0, '', 'POST /api/role/save', 'Path');


INSERT INTO ROLE_PERMISSIONS (ROLE_ID, PERMISSIONS_CODE) VALUES(1, 'POST /api/user/login');
INSERT INTO ROLE_PERMISSIONS (ROLE_ID, PERMISSIONS_CODE) VALUES(1, 'GET /api/invite/send');
INSERT INTO ROLE_PERMISSIONS (ROLE_ID, PERMISSIONS_CODE) VALUES(1, 'POST /api/ddns/addRecord');
INSERT INTO ROLE_PERMISSIONS (ROLE_ID, PERMISSIONS_CODE) VALUES(1, 'GET /api/user/info');
INSERT INTO ROLE_PERMISSIONS (ROLE_ID, PERMISSIONS_CODE) VALUES(1, 'GET /api/ddns/deleteRecord');
INSERT INTO ROLE_PERMISSIONS (ROLE_ID, PERMISSIONS_CODE) VALUES(1, 'GET /api/post/publish');
INSERT INTO ROLE_PERMISSIONS (ROLE_ID, PERMISSIONS_CODE) VALUES(1, 'GET /api/resource/{hash}.{suffix}');
INSERT INTO ROLE_PERMISSIONS (ROLE_ID, PERMISSIONS_CODE) VALUES(1, 'GET /api/ddns/ips');
INSERT INTO ROLE_PERMISSIONS (ROLE_ID, PERMISSIONS_CODE) VALUES(1, 'POST /api/ddns/updateRecord');
INSERT INTO ROLE_PERMISSIONS (ROLE_ID, PERMISSIONS_CODE) VALUES(1, 'POST /api/torrent/query');
INSERT INTO ROLE_PERMISSIONS (ROLE_ID, PERMISSIONS_CODE) VALUES(1, 'GET /scrape');
INSERT INTO ROLE_PERMISSIONS (ROLE_ID, PERMISSIONS_CODE) VALUES(1, 'GET /api/user/logout');
INSERT INTO ROLE_PERMISSIONS (ROLE_ID, PERMISSIONS_CODE) VALUES(1, 'GET /api/ddns/findRecords');
INSERT INTO ROLE_PERMISSIONS (ROLE_ID, PERMISSIONS_CODE) VALUES(1, 'GET /api/torrent/download');
INSERT INTO ROLE_PERMISSIONS (ROLE_ID, PERMISSIONS_CODE) VALUES(1, 'POST /api/permission/query');
INSERT INTO ROLE_PERMISSIONS (ROLE_ID, PERMISSIONS_CODE) VALUES(1, 'GET /api/role/list');
INSERT INTO ROLE_PERMISSIONS (ROLE_ID, PERMISSIONS_CODE) VALUES(1, 'GET /announce');
INSERT INTO ROLE_PERMISSIONS (ROLE_ID, PERMISSIONS_CODE) VALUES(1, 'GET /api/label/list');
INSERT INTO ROLE_PERMISSIONS (ROLE_ID, PERMISSIONS_CODE) VALUES(1, 'GET /api/ddns/findAliyunRecord');
INSERT INTO ROLE_PERMISSIONS (ROLE_ID, PERMISSIONS_CODE) VALUES(1, 'POST /api/resource/upload');
INSERT INTO ROLE_PERMISSIONS (ROLE_ID, PERMISSIONS_CODE) VALUES(1, 'GET /api/role/delete');
INSERT INTO ROLE_PERMISSIONS (ROLE_ID, PERMISSIONS_CODE) VALUES(1, 'POST /api/post/save');
INSERT INTO ROLE_PERMISSIONS (ROLE_ID, PERMISSIONS_CODE) VALUES(1, 'POST /api/torrent/upload');
INSERT INTO ROLE_PERMISSIONS (ROLE_ID, PERMISSIONS_CODE) VALUES(1, 'POST /api/post/query');
INSERT INTO ROLE_PERMISSIONS (ROLE_ID, PERMISSIONS_CODE) VALUES(1, 'POST /api/user/register');
INSERT INTO ROLE_PERMISSIONS (ROLE_ID, PERMISSIONS_CODE) VALUES(1, 'GET /api/resource/delete');
INSERT INTO ROLE_PERMISSIONS (ROLE_ID, PERMISSIONS_CODE) VALUES(1, 'POST /api/role/save');
INSERT INTO ROLE_PERMISSIONS (ROLE_ID, PERMISSIONS_CODE) VALUES(2, 'POST /api/user/login');
INSERT INTO ROLE_PERMISSIONS (ROLE_ID, PERMISSIONS_CODE) VALUES(2, 'GET /scrape');
INSERT INTO ROLE_PERMISSIONS (ROLE_ID, PERMISSIONS_CODE) VALUES(2, 'GET /api/user/logout');
INSERT INTO ROLE_PERMISSIONS (ROLE_ID, PERMISSIONS_CODE) VALUES(2, 'GET /announce');
INSERT INTO ROLE_PERMISSIONS (ROLE_ID, PERMISSIONS_CODE) VALUES(2, 'POST /api/user/register');

